iter	RMSE
0	87558.20184
1	85268.3711
2	84229.65055
