iter	RMSE
0	75397.82272
1	67137.79041
2	64260.19621
