iter	RMSE
0	74240.06031
1	64079.8784
2	61854.44351
