iter	RMSE
0	55756.69223
1	56019.58288
2	53309.20492
3	53972.68265
4	49065.64302
5	181611.1593
6	34541.69666
