iter	RMSE
0	57016.28616
1	57352.85733
2	54736.81764
3	55422.69571
4	50099.04235
5	182024.8916
