{
	"alpha": [0.00001, 0.0001, 0.001, 0.01, 0.1, 1, 10, 100, 1000],
	"fit_intercept": [true, false],
	"max_iter": [10000,1000, 100, 100000, 1000000],
	"positive": [false],
	"copy_X": [true, false],
	"solver": ["auto", "svd", "cholesky", "lsqr", "sparse_cg", "sag", "saga", "lbfgs"],
	"tol": [0.00001, 0.0001, 0.001, 0.01],
	"random_state": [101]
}