iter	RMSE
0	88249.02508
1	85457.8752
2	84029.21173
